from,to,weight
P2KLSpPsvWVPhtTUBJMGs42FgzTfGTcs5evMiDxxFbmCCzg,P2K6Ymuv5tCuz9DJD2GtcRXKDo5sAeKdinYDC71gWzXZe5t,1699.0
P2K6Ymuv5tCuz9DJD2GtcRXKDo5sAeKdinYDC71gWzXZe5t,P2KGPMUmAzdXEuSppuwovgB1v1jpVcEkfUhXbRjMn1QJi2n,60029.0
P2K6Ymuv5tCuz9DJD2GtcRXKDo5sAeKdinYDC71gWzXZe5t,P2KGkkeHZ3HUUT8vuoXUR417giY9oAu4TBasRdCm7f4YZxo,17112.3
P2K6Ymuv5tCuz9DJD2GtcRXKDo5sAeKdinYDC71gWzXZe5t,P2KFbDwnX6eSShU8XHFWzNQaoBwtU1UZWvg6Rn5xAcfS8u2,13879.0
P2K6Ymuv5tCuz9DJD2GtcRXKDo5sAeKdinYDC71gWzXZe5t,P2KKQBFNmxyD3vWMFFiV15m8w2bLgDBi4JQKm4b7wT8gxi7,123804.9
P2K6Ymuv5tCuz9DJD2GtcRXKDo5sAeKdinYDC71gWzXZe5t,P2K6BxpidjBaAGoN3R6mSXymEWUGd99NwcQyXTHmUMWjiPp,643.3
P2K6Ymuv5tCuz9DJD2GtcRXKDo5sAeKdinYDC71gWzXZe5t,P2K4SuHcNAAgTHbZy4NHHDdNvbHaVQiEbWYNGVJBaTf3neS,12032.7
P2K6Ymuv5tCuz9DJD2GtcRXKDo5sAeKdinYDC71gWzXZe5t,P2KCYuy5rNiZsiaEk2nPHuRVWARAyrwH6aWkY1SHoCn8mkB,67890.7
P2K6Ymuv5tCuz9DJD2GtcRXKDo5sAeKdinYDC71gWzXZe5t,P2KG6mQT62WH9t6iZessNQ4X3bzj9Ga8VqoHQK2g1VXkg1P,35.9
P2K6Ymuv5tCuz9DJD2GtcRXKDo5sAeKdinYDC71gWzXZe5t,P2KDREixHkJj2rs3YgKNrt4CrGfbTP6Wn1H1mV9HXpYB7ji,515514.4
P2K6Ymuv5tCuz9DJD2GtcRXKDo5sAeKdinYDC71gWzXZe5t,P2KLw5PjnorLjTj6gffk7kyuTy288LYX4Y4fMorFYLDwUWn,26326.1
P2K6Ymuv5tCuz9DJD2GtcRXKDo5sAeKdinYDC71gWzXZe5t,P2KAsaBUMFMz9npQmH1hM6fbQo8v6DqTJ75qLqwr22ExvR5,212.0
P2K6Ymuv5tCuz9DJD2GtcRXKDo5sAeKdinYDC71gWzXZe5t,P2KLkSim9KwPfsbRTmbVLDsryZzdTHwyEPxfRE5CBTGVTxw,6848.0
P2K6Ymuv5tCuz9DJD2GtcRXKDo5sAeKdinYDC71gWzXZe5t,P2KBYS6kiTfJmyyb1Qf5Jbm5P12DPJLYVv3EPbBuooLd2wW,7226.0
P2K6Ymuv5tCuz9DJD2GtcRXKDo5sAeKdinYDC71gWzXZe5t,P2KH1GwUrWjoAqDh7J8P2x92LXzMRfsDrSxmLc9jUVv3i5K,11061.1
P2K6Ymuv5tCuz9DJD2GtcRXKDo5sAeKdinYDC71gWzXZe5t,P2KCQqEyMwokTecDojpUw4MBx2Sb5UZsFAU1sNby8fvYHmt,5747.0
P2K6Ymuv5tCuz9DJD2GtcRXKDo5sAeKdinYDC71gWzXZe5t,P2K9GfwoxRiVXkfNeQMts2Z3YkuhihRfWhsUADQV9x2iWPP,1061.6
P2K6Ymuv5tCuz9DJD2GtcRXKDo5sAeKdinYDC71gWzXZe5t,P2K4VyWB3iXpmRNB1jReKxzMebfHj2v833WtHp6QhcV9LvL,1974.4
P2K6Ymuv5tCuz9DJD2GtcRXKDo5sAeKdinYDC71gWzXZe5t,P2KJMebtPfEg4prrTFzGDV22R9vJ2ZMXc5Q1eFSKugwDjxB,10000.9
P2K6Ymuv5tCuz9DJD2GtcRXKDo5sAeKdinYDC71gWzXZe5t,P2KEZmgqVXFM5e7ukdFg4NosX3S8w19ZMfZRBrAYMK8dfy2,2862.6
P2K6Ymuv5tCuz9DJD2GtcRXKDo5sAeKdinYDC71gWzXZe5t,P2KHAfFWcHwTkcEo6vjKHVVuCYMQ1s4u54RnzYPJLL8khP4,65230.1
P2K6Ymuv5tCuz9DJD2GtcRXKDo5sAeKdinYDC71gWzXZe5t,P2KGcXpQFEGoCmBK349dUEkGcmPWnsnTbtLjcyfc9JBbRYF,1971.6
P2K6Ymuv5tCuz9DJD2GtcRXKDo5sAeKdinYDC71gWzXZe5t,P2KGNjcwEbdVFGcgmGf4JW24us4xkNk9B5GPA5NwKJBs52y,24021.4
P2K6Ymuv5tCuz9DJD2GtcRXKDo5sAeKdinYDC71gWzXZe5t,P2K9ZJfPBy75pbqGVmbJs19NCnFuV4qb4mnyLdy3YNYdtC3,15315.7
P2K6Ymuv5tCuz9DJD2GtcRXKDo5sAeKdinYDC71gWzXZe5t,P2K97UNACjsjXLNmzTcdw4ExJjURxGsesFCz7UEnZxece1T,51944.9
P2K6Ymuv5tCuz9DJD2GtcRXKDo5sAeKdinYDC71gWzXZe5t,P2KCEyV4gk33eU9DZm5LvUmBw5NhjBfMLNGJRBQfMuBroHp,11515.3
P2K6Ymuv5tCuz9DJD2GtcRXKDo5sAeKdinYDC71gWzXZe5t,P2K9nMJhhj495YmkX1h65fk4S5hwNNAxjiYeRd2CQSrTLNu,6181.2
P2K6Ymuv5tCuz9DJD2GtcRXKDo5sAeKdinYDC71gWzXZe5t,P2K49T7Cp5CyyoZG85TXuENeaGCp5LwvqQSX7ZWDYUJhvHb,51973.9
P2K6Ymuv5tCuz9DJD2GtcRXKDo5sAeKdinYDC71gWzXZe5t,P2KAiiyMSkxYyCj6ofvfhFdVAAUQYqZizEmVHS5cDf1nqV9,51962.9
P2K6Ymuv5tCuz9DJD2GtcRXKDo5sAeKdinYDC71gWzXZe5t,P2KK2v9GMuc17uL7m1TFH6C4y2264YFNNM6kHvRfXzdwGLH,4173.6
P2K6Ymuv5tCuz9DJD2GtcRXKDo5sAeKdinYDC71gWzXZe5t,P2KKMcU2krRadWEPNzbZ4oM91qCkzAQoHJ1pW1U8fYscPGD,53498.7
P2K5DWfTwKtuSrDWraqkzPhFkGD2K6SygMsEWmPjai11uzi,P2K6Ymuv5tCuz9DJD2GtcRXKDo5sAeKdinYDC71gWzXZe5t,49999.0
P2KKebR5uYVCaBzyAau3Y1sBhPsTjWZnprcLzXBXU4Bej5X,P2K6Ymuv5tCuz9DJD2GtcRXKDo5sAeKdinYDC71gWzXZe5t,12952.6
P2KGM35MpouJDVgFv2KHWEPRHN6kQmyhAorpnAAD5XY4WiU,P2K6Ymuv5tCuz9DJD2GtcRXKDo5sAeKdinYDC71gWzXZe5t,2304.0
P2K93e8vaMGV3QL5f5WcmZmk8rzbV4RYkazqA4ewf1hLViE,P2K6Ymuv5tCuz9DJD2GtcRXKDo5sAeKdinYDC71gWzXZe5t,30081.6
P2KLFFNKC7tqmWZYtDo75JLmjm815PmscQgeErWSRbAVdh5,P2K6Ymuv5tCuz9DJD2GtcRXKDo5sAeKdinYDC71gWzXZe5t,49.0
P2KK1P9nsY38c1nnSh5KmMhERXWLkEBVyo2ebWdwiKMivpc,P2K6Ymuv5tCuz9DJD2GtcRXKDo5sAeKdinYDC71gWzXZe5t,71314.7
P2KL7MRiv18HUWhqk77HyJ5b5wZqYAfTTUpbcNUnicZNmDo,P2K6Ymuv5tCuz9DJD2GtcRXKDo5sAeKdinYDC71gWzXZe5t,1577.4
P2KE5ESRUP6gx215vmFj9nEMtx5z2k64fkSJD5FYKM891aw,P2K6Ymuv5tCuz9DJD2GtcRXKDo5sAeKdinYDC71gWzXZe5t,549999.0
P2KBNruHer7u917A92yJCKQND3FD8xJwKoND2NCpy7VBGFE,P2K6Ymuv5tCuz9DJD2GtcRXKDo5sAeKdinYDC71gWzXZe5t,29.0
P2K6TcaAgMQsMp76JDiaquttub1SnKCJiunEhSsxx6Y6W8t,P2K6Ymuv5tCuz9DJD2GtcRXKDo5sAeKdinYDC71gWzXZe5t,9989.0
P2K5EW7GaqtEm47znjnn4FZxH2SY38DNrwyFt6wS4ZHmxPM,P2K6Ymuv5tCuz9DJD2GtcRXKDo5sAeKdinYDC71gWzXZe5t,4312.0
P2KGJSn3SKH5dRK6csEQ22NKKjN2pANeqbeefmDuYiZcTef,P2K6Ymuv5tCuz9DJD2GtcRXKDo5sAeKdinYDC71gWzXZe5t,1237.2
P2KEZxHHTTrKnf1dmXeKZUJGgjgLRwYxcyQgqNRTYuo5JZq,P2K6Ymuv5tCuz9DJD2GtcRXKDo5sAeKdinYDC71gWzXZe5t,230483.0
P2K6vCyNJXBLZWStTNeYHg7cnHLqaNhWoM31mFU5dgKaZbY,P2K6Ymuv5tCuz9DJD2GtcRXKDo5sAeKdinYDC71gWzXZe5t,95435.1
P2KCtaF4ZMN4J3kafYcwiJrtNFiQhdcpao79yGMKRnj5Sxx,P2K6Ymuv5tCuz9DJD2GtcRXKDo5sAeKdinYDC71gWzXZe5t,53811.0
P2K9TE2D5pncVTMxSwUnTQ68VDZSQ6yjfdbKfHsPiWMhtSH,P2K6Ymuv5tCuz9DJD2GtcRXKDo5sAeKdinYDC71gWzXZe5t,778.3
P2KHv1JJUbSqw4uA2A8u3C995wvuaPsEMPkLUkwf61hJYe5,P2K6Ymuv5tCuz9DJD2GtcRXKDo5sAeKdinYDC71gWzXZe5t,1889.0
P2KBXcczGh8DT5PX6wG9NaJFe5znXxc78rTAES5TL2ByW3k,P2K6Ymuv5tCuz9DJD2GtcRXKDo5sAeKdinYDC71gWzXZe5t,3563.6
P2KJwpiRVWSS82qu5hfjrPz4YRY2RRT3BTaHWxsiFHVNrp6,P2K6Ymuv5tCuz9DJD2GtcRXKDo5sAeKdinYDC71gWzXZe5t,279.4
P2KHAT9GxFSHk3UFdb9Ed3JataL4x1VaXir2bEkuJPRRKNA,P2K6Ymuv5tCuz9DJD2GtcRXKDo5sAeKdinYDC71gWzXZe5t,707.2
P2KBi3xb3bfHsYSTh4etstK6jfqsnpEGsGn8vXqQcRyZYZ5,P2K6Ymuv5tCuz9DJD2GtcRXKDo5sAeKdinYDC71gWzXZe5t,593.6
P2K56GBMbUCMFBGLzh6fv4WaAj2zTZoS7hsdw9289jkDM1v,P2K6Ymuv5tCuz9DJD2GtcRXKDo5sAeKdinYDC71gWzXZe5t,1781.5
P2KKGPahgTPdKCSYTJKzeCZLcrPDy5tDCsfvu28waz1WBuJ,P2K6Ymuv5tCuz9DJD2GtcRXKDo5sAeKdinYDC71gWzXZe5t,7176.6
P2K5Zy4FaA9LykUz6RbJrnDj9F52TrSfiTXfduAMRxtbvSp,P2K6Ymuv5tCuz9DJD2GtcRXKDo5sAeKdinYDC71gWzXZe5t,2999.0
P2KA6iCED5dshK9r6d7s36EWKVTitCfYS6qWndUggBn3kvL,P2K6Ymuv5tCuz9DJD2GtcRXKDo5sAeKdinYDC71gWzXZe5t,8999.0
P2KLkRm1tSNj6gXLRZbjiZirXi459nugbGY66XZrYkZyAxL,P2K6Ymuv5tCuz9DJD2GtcRXKDo5sAeKdinYDC71gWzXZe5t,7022.7
P2K81ZCveoAvnrTN3jZ1baojWGocHV4KSFYuL3TuPNiPy73,P2K6Ymuv5tCuz9DJD2GtcRXKDo5sAeKdinYDC71gWzXZe5t,4379.0
P2KG94hYwMexWKQ3ASPQToCoyBcw96av9W9uE4sLLNs2NRA,P2K6Ymuv5tCuz9DJD2GtcRXKDo5sAeKdinYDC71gWzXZe5t,18420.0
P2KCFtbs8zzsji4KaCioVhtbDMk2D7mDNB2F7yiDNPX3Ait,P2K6Ymuv5tCuz9DJD2GtcRXKDo5sAeKdinYDC71gWzXZe5t,94.0
P2KE9tJ5iKqSespf8aSSD2u17NVnT4e7QWwkjZVckzKnsgB,P2K6Ymuv5tCuz9DJD2GtcRXKDo5sAeKdinYDC71gWzXZe5t,1123.3
P2K8NHUFjoN9VbSzr156TkboEiQhZuCd6oUPr9XvuP53WzA,P2K6Ymuv5tCuz9DJD2GtcRXKDo5sAeKdinYDC71gWzXZe5t,2214.6
P2KGS2FhttBaVLyWBD9eJ23bt365znJ3CHK9SMe21jnNsuv,P2K6Ymuv5tCuz9DJD2GtcRXKDo5sAeKdinYDC71gWzXZe5t,543.3
P2KAMDC3KRDfDucaj8vNNggYmEM8YHyFZjrUqh1xAWnQfJ4,P2K6Ymuv5tCuz9DJD2GtcRXKDo5sAeKdinYDC71gWzXZe5t,1750.0
P2K4sN51FAEGwLXvc4tEFeA7QpR9rgTcLtYRrUER4uxLkn4,P2K6Ymuv5tCuz9DJD2GtcRXKDo5sAeKdinYDC71gWzXZe5t,10174.6
P2KEnXgbTPJ6KzwQ7yvzV4gTCME2ov9osFBVCcwT3hFfN5Q,P2K6Ymuv5tCuz9DJD2GtcRXKDo5sAeKdinYDC71gWzXZe5t,1499.0
P2KD62nWLzq5o27STqFHUu5CbgyTgNehdtLxxEGjYtE54UN,P2K6Ymuv5tCuz9DJD2GtcRXKDo5sAeKdinYDC71gWzXZe5t,11516.0
P2KEk29myJz1Cy5W4JFca7NpL96tupVHEoBvqQUQixnhZcD,P2K6Ymuv5tCuz9DJD2GtcRXKDo5sAeKdinYDC71gWzXZe5t,4423.7
P2KArAYQLzx6j7rwY2Wujbeka1GyEL6JVi5HAxgCRjTA73a,P2K6Ymuv5tCuz9DJD2GtcRXKDo5sAeKdinYDC71gWzXZe5t,5522.0
P2KHuCJdscZw8SSTZZNxmYC6hq3v9GfVzC6h9pmrUNRWkoa,P2K6Ymuv5tCuz9DJD2GtcRXKDo5sAeKdinYDC71gWzXZe5t,4022.9
P2K9KuLTnc6yULxamWfUjVfy2MRVqDK9zhukFujvo8KYtjF,P2K6Ymuv5tCuz9DJD2GtcRXKDo5sAeKdinYDC71gWzXZe5t,25539.8
P2KEQZqk4Ctwe8LyuQH6bPCCquwi7Xo8wCsinznQMRhbV5n,P2K6Ymuv5tCuz9DJD2GtcRXKDo5sAeKdinYDC71gWzXZe5t,1789.9
P2K99q2MPE1kHHuKgUMgxZWxgNy9Gzoc8bGRP8AS3x3qBrS,P2K6Ymuv5tCuz9DJD2GtcRXKDo5sAeKdinYDC71gWzXZe5t,402.4
P2KFHB1Y4J322z9N2HnzMertsjajZT7NmuZTDjpsvrX5gqM,P2K6Ymuv5tCuz9DJD2GtcRXKDo5sAeKdinYDC71gWzXZe5t,97950.1
P2KKwvTtLWkJR8KfSeLKr95UTj7kWdq6ihXwH6e9cA3cDW9,P2K6Ymuv5tCuz9DJD2GtcRXKDo5sAeKdinYDC71gWzXZe5t,3299.2
P2KJi6ecdswKMdnJS1MsePTZCTL9527dFvLWkJpfLmDbmqH,P2K6Ymuv5tCuz9DJD2GtcRXKDo5sAeKdinYDC71gWzXZe5t,16263.0
P2KCQw155PyLzsxo7qQ3vHSv47XsPgFC9Dmr73HNdzjhpPy,P2K6Ymuv5tCuz9DJD2GtcRXKDo5sAeKdinYDC71gWzXZe5t,979.0
P2K6EXXtiwCkrxr79yMT81gzKQDHMpfeBhX7j5uQ44Aoez3,P2K6Ymuv5tCuz9DJD2GtcRXKDo5sAeKdinYDC71gWzXZe5t,331.9
P2KGQSCHXWzgnyfDr5pv2uTmNxzRgGEGPvp15Ga2hyUQHVS,P2K6Ymuv5tCuz9DJD2GtcRXKDo5sAeKdinYDC71gWzXZe5t,1234.6
P2KEnW1T1NFYctX7LqvED5RNkqoCcYWc7UdTVzdoLPXpFn1,P2K6Ymuv5tCuz9DJD2GtcRXKDo5sAeKdinYDC71gWzXZe5t,6157.1
P2K4eUNE9gnLHL43BDQTqpyV9gQQphKJGtxZrz1sU6w57Bi,P2K6Ymuv5tCuz9DJD2GtcRXKDo5sAeKdinYDC71gWzXZe5t,499.0
P2K63PRzw6hqrXb8SfitqWNJTdsAR2Zrm5fgx6b3voZgYBf,P2K6Ymuv5tCuz9DJD2GtcRXKDo5sAeKdinYDC71gWzXZe5t,35649.1
P2KKL7pqiLNvzTFVgsVzDY6D9Z7Tyo35Cfg8spjRf5UdDJs,P2K6Ymuv5tCuz9DJD2GtcRXKDo5sAeKdinYDC71gWzXZe5t,53207.0
P2KJGicVtfDKBtyC3jkrd8ELYzrFfN7JiPKBC1ipFyokfWY,P2K6Ymuv5tCuz9DJD2GtcRXKDo5sAeKdinYDC71gWzXZe5t,389.0
P2KHRkikwztPCfynknLHFiQByJ9NCweYxuaMRDKvb1anthJ,P2K6Ymuv5tCuz9DJD2GtcRXKDo5sAeKdinYDC71gWzXZe5t,418.8
P2K8Jfa3jcyhktruJqm6EYxJEHwYFuB7BDVoYvDAAUA3VxQ,P2K6Ymuv5tCuz9DJD2GtcRXKDo5sAeKdinYDC71gWzXZe5t,10009.0
P2KHJ7vqN5A6WzZC6VXEJJMyxsmYzXxKD81wZnDnz4mhvg6,P2K6Ymuv5tCuz9DJD2GtcRXKDo5sAeKdinYDC71gWzXZe5t,47406.3
P2KEgXetkkL2aHTXNhuSqRNpBTQvm4eXv88viWqAkyQNqnp,P2K6Ymuv5tCuz9DJD2GtcRXKDo5sAeKdinYDC71gWzXZe5t,74079.4
P2KKQZyPqNjRdfkNUvGXAagPsjwjGrTYojcWxQFeoqtUTsi,P2K6Ymuv5tCuz9DJD2GtcRXKDo5sAeKdinYDC71gWzXZe5t,5885.1
P2KD9Lhe3Jo6iiGp7sC9Ft3N9kFVi5r3QWdUuxMoYEE2aUb,P2K6Ymuv5tCuz9DJD2GtcRXKDo5sAeKdinYDC71gWzXZe5t,49999.0
P2KFC9czuwG6WfTKmt4RLBp3mdcjLs7H1GQu7462dNkfMNQ,P2K6Ymuv5tCuz9DJD2GtcRXKDo5sAeKdinYDC71gWzXZe5t,10984.1
P2K85z7qeBGDw7FkutxfEapKYTWuieFsMSaDaZSttzzMRvX,P2K6Ymuv5tCuz9DJD2GtcRXKDo5sAeKdinYDC71gWzXZe5t,50010.0
P2KDxNoTCCsTomQfAVTqNDz9vXUCCFL3fQUXmXrqSPgjUJN,P2K6Ymuv5tCuz9DJD2GtcRXKDo5sAeKdinYDC71gWzXZe5t,49999.0
P2KEVizS7wDkhDMuuVhXFYaKGGrnYUdY4c2KqmWZMSFn2is,P2K6Ymuv5tCuz9DJD2GtcRXKDo5sAeKdinYDC71gWzXZe5t,3883.0
P2K9NZpRuoAZ9ZfikrbKZSw1YoK23TFsHe64JLESoaMpY6c,P2K6Ymuv5tCuz9DJD2GtcRXKDo5sAeKdinYDC71gWzXZe5t,3989.0
P2K77kuJQUuXAQT8xMzLoUJwWX4gZTxavxvugEJ676wxTXz,P2K6Ymuv5tCuz9DJD2GtcRXKDo5sAeKdinYDC71gWzXZe5t,49999.0
P2KDkdqdRgtGiaP9DhtHttsspd8oVooZ7PPV6Ev21M41iC7,P2K6Ymuv5tCuz9DJD2GtcRXKDo5sAeKdinYDC71gWzXZe5t,81.6
P2K4dYxjF7UhMesfyZfazWyM35csfvSH1wUXhDcWkn6BE47,P2K6Ymuv5tCuz9DJD2GtcRXKDo5sAeKdinYDC71gWzXZe5t,99.0
P2KBdUtovRdV2FRr43wyWBYPaRcJkFvGiyQtTppKXqM9SSF,P2K6Ymuv5tCuz9DJD2GtcRXKDo5sAeKdinYDC71gWzXZe5t,176.3
